<c3p0-config>
  <!-- 使用默认的配置读取连接池对象 -->
  <default-config>
  	<!--  连接参数 -->
    <property name="driverClass">com.mysql.jdbc.Driver</property>
    <property name="jdbcUrl">jdbc:mysql://localhost:3306/db4</property>
    <property name="user">root</property>
    <property name="password">root</property>
    
    <!-- 连接池参数 -->
    <!--初始化申请的连接数量-->
    <property name="initialPoolSize">5</property>
    <!--最大的连接数量-->
    <property name="maxPoolSize">10</property>
    <!--超时时间-->
    <property name="checkoutTimeout">3000</property>
  </default-config>

  <named-config name="otherc3p0"> 
    <!--  连接参数 -->
    <property name="driverClass">com.mysql.jdbc.Driver</property>
    <property name="jdbcUrl">jdbc:mysql://localhost:3306/db3</property>
    <property name="user">root</property>
    <property name="password">root</property>
    
    <!-- 连接池参数 -->
    <property name="initialPoolSize">5</property>
    <property name="maxPoolSize">8</property>
    <property name="checkoutTimeout">1000</property>
  </named-config>
</c3p0-config>